ordinal	address
10000	0x6fc4b840	
10001	0x6fc4b350	
10002	0x6fc729f0	
10003	0x6fc4cfd0	
10004	0x6fc74400	
10005	0x6fc58c70	
10006	0x6fc4d820	
10007	0x6fc49ad0	
10008	0x6fc4e1e0	
10009	0x6fc4b550	
10010	0x6fcfb860	
10011	0x6fc49ae0	
10012	0x6fc4a6d0	
10013	0x6fc331c0	
10014	0x6fc4b160	
10015	0x6fc72390	
10016	0x6fc72140	
10017	0x6fc4a210	
10018	0x6fc58d40	
10019	0x6fc732b0	
10020	0x6fcd87b0	
10021	0x6fc72650	
10022	0x6fc49b10	
10023	0x6fc66b10	
10024	0x6fc4df10	
10025	0x6fc4b050	
10026	0x6fc49800	
10027	0x6fc53970	
10028	0x6fc4ad80	
10029	0x6fc58bb0	
10030	0x6fc61f40	
10031	0x6fc4b9a0	
10032	0x6fc497c0	
10033	0x6fc4ae40	
10034	0x6fc4dec0	
10035	0x6fc4d3b0	
10036	0x6fc72240	
10037	0x6fc4a370	
10038	0x6fc4d4b0	
10039	0x6fc58dc0	
10040	0x6fc4e460	
10041	0x6fc6c180	
10042	0x6fc58bc0	
10043	0x6fc497f0	
10044	0x6fc4c570	
10045	0x6fc4b7c0	
10046	0x6fcd87c0	
10047	0x6fc4a9a0	
10048	0x6fc4a330	
10049	0x6fc57430	
10050	0x6fc49b00	
10051	0x6fc539e0	
10052	0x6fc4a1f0	
10053	0x6fc4b440	
10054	0x6fc4b900	
10055	0x6fc4bd70	
10056	0x6fc722d0	
10057	0x6fc72010	
10058	0x6fc72090	
10059	0x6fc4af80	
10060	0x6fc4b4d0	
